Username,Password,Confirm,First Name,Last Name,Street Address,City/State/Zip
leodicapr,abcdedgh,abcdedgh,Leo,DiCaprio,Star Ln,LA/CA/90210
bradpitt,qwertyui,qwertyui,Brad,Pitt,Oak Ave,LA/CA/90001
johndep,lkjhgfre,lkjhgfre,John,Depp,Palm Dr,LA/CA/90211
chrishem,poiuytre,poiuytre,Chris,Hem,Thor Rd,LA/CA/90002
benaffle,asdfghjk,asdfghjk,Ben,Affleck,King St,LA/CA/90212
scarjoh,zxcvbnmq,zxcvbnmq,Scar,Joh,Rose St,LA/CA/90003
roberdow,wertyuio,wertyuio,Rob,Dow,Iron Ln,LA/CA/90213
emmwats,bnmasdfg,bnmasdfg,Emma,Watson,Main St,LA/CA/90004
tomhardy,qwertzui,qwertzui,Tom,Hardy,Elm St,LA/CA/90214
galgadot,poiulkmn,poiulkmn,Gal,Gadot,Sun Ave,LA/CA/90005
zendayac,vbnmjklp,vbnmjklp,Zen,Day,Sky Dr,LA/CA/90215
margotro,asdfgpoi,asdfgpoi,Mar,Rob,Lake Rd,LA/CA/90006
amyadam,lkjhgfds,lkjhgfds,Amy,Adams,Hill Rd,LA/CA/90216
ryangosl,xcvbnmkl,xcvbnmkl,Ryan,Gos,Park St,LA/CA/90007
justiclo,zxcvbnml,zxcvbnml,Jus,Clo,Oak Dr,LA/CA/90217
mattdam,asdfghjl,asdfghjl,Matt,Damon,Maple Ln,LA/CA/90008
tomholl,poiuytre,poiuytre,Tom,Holland,Pine St,LA/CA/90218
willisma,lkjhgfsa,lkjhgfsa,Will,Smith,Sunset Dr,LA/CA/90009
chriseva,zxcvbnml,zxcvbnml,Chris,Evans,Elm Dr,LA/CA/90219
anajolie,poiulkmj,poiulkmj,Ana,Jolie,Willow Rd,LA/CA/90010
katewins,lkjhgfre,lkjhgfre,Kate,Wins,Ocean Dr,LA/CA/90220
natportm,asdfghjk,asdfghjk,Nat,Portman,Rose Dr,LA/CA/90011
jennifer,qwertyui,qwertyui,Jen,Anis,Sunset St,LA/CA/90221
samsmith,zxcvbnmq,zxcvbnmq,Sam,Smith,Oak Ln,LA/CA/90012
halleber,poiuytre,poiuytre,Hall,Berry,Palm St,LA/CA/90222
juliarob,asdfghjk,asdfghjk,Julia,Rob,Star Rd,LA/CA/90013
emilyblu,wertyuio,wertyuio,Emil,Blunt,Hill St,LA/CA/90223
jasonmom,lkjhgfds,lkjhgfds,Jas,Mom,Lake Dr,LA/CA/90014
russelcr,zxcvbnml,zxcvbnml,Russ,Crowe,King Ln,LA/CA/90224
hughjack,qwertzui,qwertzui,Hugh,Jack,Ocean St,LA/CA/90015
morganfr,poiulkmn,poiulkmn,Mor,Free,Park Dr,LA/CA/90225
sandra90,vbnmjklp,vbnmjklp,San,Bull,Sun Ln,LA/CA/90016
jamiefoxx,asdfgpoi,asdfgpoi,Jam,Fox,Maple St,LA/CA/90226
danrad,lkjhgfds,lkjhgfds,Dan,Rad,Willow Rd,LA/CA/90017
kristen,asdfghjl,asdfghjl,Kris,Stew,Sky Ave,LA/CA/90227
robertpa,poiuytre,poiuytre,Rob,Pat,Hill Ave,LA/CA/90018
kianuree,lkjhgfsa,lkjhgfsa,Kea,Reeves,Ocean Dr,LA/CA/90228
jakegyll,zxcvbnml,zxcvbnml,Jak,Gyll,Elm Dr,LA/CA/90019
annehath,poiulkmj,poiulkmj,Ann,Hath,Oak Ave,LA/CA/90229
paulrudd,lkjhgfre,lkjhgfre,Pau,Rudd,Maple Rd,LA/CA/90020
elizabeth,asdfghjk,asdfghjk,Eliz,Olsen,Palm Rd,LA/CA/90230
zendaya,zxcvbnmq,zxcvbnmq,Zen,Cole,Rose Rd,LA/CA/90021
michealf,poiuytre,poiuytre,Mic,Fass,Star Dr,LA/CA/90231
evanmcgr,lkjhgfds,lkjhgfds,Ewan,McG,Hill Rd,LA/CA/90022
jesseise,asdfghjk,asdfghjk,Jes,Eise,Lake Ln,LA/CA/90232
tomselle,wertyuio,wertyuio,Tom,Sell,King St,LA/CA/90023
victor,tsoi,tsoi,Victor,Tsoi,Kamchatka,Peter
alex,bashirov,bashirov,Alekxandr,Bashirov,Nevskii,Peter
samjackso,lkjhqwer,lkjhqwer,Sam,Jack,Elm Ave,LA/CA/90025
boris,grebian,grebian,Boris,Grebiansh,LongStreet,London